gen,avg_fitness,max_fitness
0,5.885300000000008,11.54
1,6.653800000000013,11.54
2,7.768500000000014,11.54
3,7.96100000000001,11.54
4,8.307000000000016,11.54
5,8.999400000000012,11.54
6,9.422700000000006,11.54
7,10.2311,11.54
8,10.731499999999997,11.54
9,10.808499999999995,11.54
10,11.07779999999999,15.38
11,11.500899999999987,15.38
12,11.654499999999986,15.38
13,11.885399999999983,15.38
14,11.884999999999991,15.38
15,11.846299999999992,15.38
16,12.076899999999991,15.38
17,11.961699999999986,15.38
18,12.384799999999993,15.38
19,12.615099999999991,15.38
20,12.730299999999993,15.38
21,12.806899999999999,15.38
22,13.229599999999996,15.38
23,13.152899999999995,19.23
24,13.614000000000006,19.23
25,13.960100000000002,19.23
26,14.498300000000004,19.23
27,15.113500000000014,19.23
28,15.459300000000018,19.23
29,15.959300000000018,19.23
30,16.651700000000023,23.08
31,17.460000000000026,23.08
32,18.11400000000002,23.08
33,18.729500000000023,26.92
34,18.844600000000018,26.92
35,19.460300000000025,26.92
36,19.729400000000016,26.92
37,19.92140000000002,26.92
38,21.036900000000013,26.92
39,22.344600000000025,26.92
40,22.921600000000026,26.92
41,23.690900000000013,26.92
42,23.998700000000014,26.92
43,25.036800000000017,26.92
44,25.575000000000024,26.92
45,25.574900000000028,26.92
46,25.536500000000025,26.92
47,25.844000000000023,26.92
48,25.882600000000025,26.92
49,26.228700000000025,26.92
50,26.036600000000018,26.92
51,25.99780000000003,26.92
52,25.959400000000024,26.92
53,25.805800000000023,26.92
54,25.84450000000002,26.92
55,25.882900000000017,26.92
56,25.729200000000013,30.77
57,25.691300000000016,30.77
58,25.883500000000016,30.77
59,26.229700000000026,30.77
60,26.11480000000001,30.77
61,26.614500000000007,30.77
62,26.806700000000014,30.77
63,27.11450000000001,30.77
64,27.1921,30.77
65,27.6537,30.77
66,27.8841,30.77
67,27.6534,30.77
68,27.537600000000012,30.77
69,27.653200000000002,30.77
70,27.768800000000006,30.77
71,27.461500000000004,30.77
72,27.6539,30.77
73,28.038400000000003,30.77
74,27.76890000000001,30.77
75,27.807399999999998,34.62
76,28.076900000000002,34.62
77,28.692299999999992,34.62
78,29.15439999999999,38.46
79,29.26959999999999,38.46
80,30.154200000000007,38.46
81,31.269899999999986,38.46
82,31.61639999999998,38.46
83,31.577799999999982,38.46
84,32.192699999999995,38.46
85,33.76969999999999,38.46
86,33.538599999999995,38.46
87,33.769899999999986,38.46
88,33.96199999999999,38.46
89,34.4235,38.46
90,35.077499999999986,38.46
91,34.885299999999994,38.46
92,34.30839999999999,38.46
93,34.346399999999996,38.46
94,34.4618,38.46
95,34.30829999999999,42.31
96,34.19309999999998,42.31
97,34.88579999999998,42.31
98,34.732499999999966,42.31
99,35.117199999999976,42.31
100,35.117099999999965,42.31
101,35.96259999999999,42.31
102,36.03989999999998,42.31
103,36.53989999999998,42.31
104,36.92449999999997,46.15
105,36.46219999999998,46.15
106,37.53869999999999,46.15
107,37.6157,46.15
108,38.15370000000001,46.15
109,38.115100000000005,46.15
110,38.115399999999994,46.15
111,39.000099999999996,46.15
112,39.500299999999996,46.15
113,39.923399999999994,46.15
114,40.84649999999999,46.15
115,41.30720000000001,46.15
116,41.1921,50.0
117,41.6921,50.0
118,42.0383,50.0
119,42.3455,50.0
120,42.88420000000001,50.0
121,42.846099999999986,50.0
122,43.19170000000002,50.0
123,43.30740000000001,50.0
124,43.80710000000002,50.0
125,43.922700000000006,50.0
126,44.61559999999999,50.0
127,45.000499999999974,50.0
128,44.30799999999999,50.0
129,45.2306,50.0
130,45.53800000000001,50.0
131,44.92290000000003,50.0
132,45.38380000000002,50.0
133,45.999400000000016,50.0
134,46.5762,50.0
135,46.07600000000002,50.0
136,45.7296,50.0
137,45.92209999999999,50.0
138,45.57579999999999,50.0
139,45.229800000000004,50.0
140,45.4221,50.0
141,45.537900000000015,50.0
142,46.9988,50.0
143,47.15249999999999,50.0
144,47.61429999999999,50.0
145,47.22980000000001,50.0
146,46.960800000000006,50.0
147,46.6144,50.0
148,46.11410000000001,53.85
149,46.421600000000005,53.85
150,46.614200000000025,53.85
151,46.575900000000004,53.85
152,46.38390000000001,53.85
153,46.84600000000001,53.85
154,47.154300000000006,53.85
155,47.07680000000002,53.85
156,47.8467,53.85
157,49.193400000000004,53.85
158,48.42410000000004,53.85
159,48.770099999999985,53.85
160,48.65460000000001,53.85
161,48.654700000000005,53.85
162,49.385400000000025,57.69
163,49.77010000000003,57.69
164,50.077999999999996,57.69
165,50.731500000000025,57.69
166,51.19339999999999,57.69
167,51.84680000000003,57.69
168,51.53950000000002,57.69
169,51.80870000000001,57.69
170,51.77000000000001,57.69
171,51.50059999999999,57.69
172,51.73159999999997,57.69
173,51.577600000000004,57.69
174,51.15419999999998,57.69
175,51.30810000000003,57.69
176,51.96190000000001,57.69
177,51.9618,57.69
178,52.46200000000002,57.69
179,52.00009999999998,57.69
180,51.88519999999998,57.69
181,52.00040000000002,57.69
182,52.038900000000034,57.69
183,51.96110000000001,57.69
184,51.9608,57.69
185,52.69169999999996,57.69
186,52.960600000000014,57.69
187,53.30659999999996,57.69
188,53.5761,57.69
189,53.61459999999997,57.69
190,53.03799999999998,57.69
191,53.6919,57.69
192,54.26919999999999,57.69
193,54.84609999999998,57.69
194,54.692299999999996,57.69
195,54.231,57.69
196,54.654299999999985,57.69
197,54.653899999999936,57.69
198,53.65389999999999,57.69
199,53.6926,57.69
200,54.26939999999996,57.69
201,54.077300000000015,57.69
202,53.538900000000005,57.69
203,53.885199999999976,57.69
204,53.84609999999998,57.69
205,53.96159999999998,57.69
206,53.538899999999984,57.69
207,53.846399999999974,57.69
208,54.115599999999965,57.69
209,54.11539999999998,57.69
210,54.154300000000006,57.69
211,54.30819999999997,57.69
212,54.23079999999996,57.69
213,54.50009999999998,57.69
214,54.115499999999976,57.69
215,53.5005,57.69
216,53.769599999999976,57.69
217,53.61580000000001,57.69
218,53.34629999999996,57.69
219,53.384699999999995,57.69
220,52.99989999999996,57.69
221,53.03809999999996,57.69
222,52.88399999999995,57.69
223,52.73019999999999,57.69
224,52.76899999999996,57.69
225,52.692599999999956,57.69
226,53.11539999999997,57.69
227,53.07659999999997,57.69
228,52.884399999999985,57.69
229,52.49969999999999,57.69
230,52.76879999999997,57.69
231,53.345699999999994,57.69
232,53.53799999999998,57.69
233,53.69189999999995,57.69
234,54.15369999999998,57.69
235,54.422599999999974,57.69
236,54.57619999999994,57.69
237,53.76889999999999,57.69
238,53.8077,57.69
239,53.653799999999976,57.69
240,54.153999999999996,57.69
241,54.00019999999996,57.69
242,53.80799999999997,57.69
243,53.88509999999997,57.69
244,54.23109999999999,61.54
245,54.23099999999997,61.54
246,54.0387,61.54
247,54.53899999999996,61.54
248,54.616400000000006,61.54
249,54.30859999999998,61.54
250,54.11600000000001,61.54
251,53.5393,61.54
252,53.308099999999996,61.54
253,53.5001,61.54
254,52.884799999999984,61.54
255,53.65419999999999,61.54
256,53.807700000000004,61.54
257,54.23059999999999,61.54
258,54.23049999999996,61.54
259,53.73049999999999,61.54
260,53.99999999999998,61.54
261,54.38489999999998,61.54
262,54.538899999999984,61.54
263,54.7312,61.54
264,54.846799999999995,61.54
265,55.65449999999999,61.54
266,56.23109999999996,61.54
267,57.115799999999965,61.54
268,57.76999999999999,61.54
269,57.808299999999974,61.54
270,58.65439999999998,61.54
271,59.00059999999998,61.54
272,58.000699999999966,61.54
273,57.38529999999998,61.54
274,57.423799999999986,61.54
275,57.19269999999997,65.38
276,56.38489999999996,65.38
277,57.80729999999996,65.38
278,57.653599999999976,65.38
279,57.99979999999998,65.38
280,57.80739999999996,65.38
281,58.115199999999994,65.38
282,58.15379999999999,65.38
283,57.8463,65.38
284,57.731100000000005,65.38
285,57.653999999999996,65.38
286,57.230899999999984,65.38
287,57.576399999999985,65.38
288,57.7296,65.38
289,58.34519999999998,65.38
290,59.19109999999998,69.23
291,59.65299999999996,69.23
292,59.88419999999994,69.23
293,60.30769999999998,69.23
294,59.88459999999995,69.23
295,59.49989999999999,69.23
296,60.230499999999964,69.23
297,59.53839999999997,69.23
298,59.500099999999975,69.23
299,59.73059999999997,69.23
300,60.115699999999975,69.23
301,59.846199999999996,69.23
302,60.499299999999984,69.23
303,60.807299999999984,69.23
304,60.65370000000001,69.23
305,61.46060000000001,69.23
306,60.5379,69.23
307,60.575599999999966,69.23
308,60.767699999999984,69.23
309,60.03719999999996,69.23
310,61.26809999999995,69.23
311,61.53729999999999,69.23
312,61.80649999999998,69.23
313,61.26819999999997,69.23
314,60.153599999999976,69.23
315,59.69199999999997,69.23
316,59.53829999999997,73.08
317,60.00019999999998,73.08
318,60.88439999999997,73.08
319,60.807599999999965,73.08
320,61.80749999999998,73.08
321,62.96109999999998,73.08
322,63.99979999999996,73.08
323,64.69259999999994,73.08
324,65.26959999999994,73.08
325,64.34609999999996,73.08
326,63.84599999999997,73.08
327,63.96149999999997,73.08
328,65.26919999999994,73.08
329,64.69199999999995,73.08
330,65.38459999999995,73.08
331,66.19239999999996,73.08
332,66.38499999999993,73.08
333,67.80859999999994,73.08
334,68.30769999999993,73.08
335,67.96159999999993,73.08
336,68.2308999999999,73.08
337,68.07699999999994,73.08
338,67.57639999999992,73.08
339,67.46109999999994,73.08
340,66.61479999999993,73.08
341,66.30729999999996,73.08
342,66.80719999999995,73.08
343,66.84559999999998,73.08
344,66.96109999999994,73.08
345,66.42299999999996,73.08
346,66.03829999999998,73.08
347,65.53849999999994,73.08
348,66.73139999999991,73.08
349,66.57739999999994,73.08
350,65.96209999999995,73.08
351,65.38469999999994,73.08
352,65.26949999999994,73.08
353,65.50009999999995,73.08
354,65.72999999999995,73.08
355,66.07639999999995,73.08
356,66.72989999999996,73.08
357,66.07629999999999,73.08
358,66.73049999999995,73.08
359,66.96109999999994,73.08
360,67.11509999999994,73.08
361,67.19209999999997,73.08
362,66.73019999999995,73.08
363,66.57639999999996,73.08
364,66.38379999999998,73.08
365,66.07600000000001,73.08
366,66.11439999999999,73.08
367,66.30649999999997,73.08
368,66.42190000000001,73.08
369,66.49889999999999,73.08
370,65.92239999999998,73.08
371,66.1146,73.08
372,66.19199999999996,73.08
373,66.15419999999995,73.08
374,65.84629999999994,73.08
375,65.69209999999994,73.08
376,66.88409999999993,73.08
377,66.99979999999994,73.08
378,67.07679999999996,73.08
379,66.96149999999994,73.08
380,66.73069999999996,73.08
381,66.46169999999994,73.08
382,66.61509999999991,73.08
383,67.61519999999992,73.08
384,67.34569999999994,73.08
385,66.92209999999992,73.08
386,66.96029999999995,73.08
387,67.26839999999991,73.08
388,67.49919999999996,73.08
389,66.72989999999996,73.08
390,66.61439999999995,73.08
391,66.34529999999992,73.08
392,65.92209999999996,73.08
393,65.65309999999995,73.08
394,65.99929999999995,73.08
395,66.15339999999996,73.08
396,66.99979999999995,73.08
397,66.84549999999996,73.08
398,66.92249999999996,73.08
399,66.88419999999996,73.08
400,66.96159999999993,73.08
401,67.11519999999994,73.08
402,66.42239999999994,73.08
403,66.34559999999993,73.08
404,66.84599999999993,73.08
405,67.26879999999993,73.08
406,67.69199999999994,73.08
407,67.26859999999994,73.08
408,67.07619999999991,73.08
409,66.30699999999997,73.08
410,65.84579999999995,73.08
411,66.03809999999997,73.08
412,66.84579999999994,73.08
413,67.38469999999995,73.08
414,67.07689999999994,73.08
415,66.34539999999994,73.08
416,66.30699999999995,73.08
417,66.96099999999996,73.08
418,66.38429999999993,73.08
419,66.03839999999995,73.08
420,66.34639999999995,73.08
421,66.84619999999997,73.08
422,66.80739999999996,73.08
423,66.88399999999996,73.08
424,67.15339999999996,73.08
425,67.23009999999998,73.08
426,67.96079999999994,73.08
427,68.46079999999994,73.08
428,68.34549999999994,73.08
429,68.38409999999995,73.08
430,68.49949999999995,73.08
431,68.23039999999996,73.08
432,67.80759999999998,73.08
433,68.03859999999995,73.08
434,67.53849999999994,73.08
435,67.53839999999997,73.08
436,66.84569999999998,73.08
437,66.30739999999999,73.08
438,66.53869999999995,73.08
439,65.99989999999997,73.08
440,66.96119999999995,73.08
441,67.11479999999995,73.08
442,66.88429999999995,73.08
443,67.03839999999992,73.08
444,67.11489999999993,73.08
445,66.26899999999992,73.08
446,67.22999999999995,73.08
447,66.69079999999994,73.08
448,66.96029999999993,73.08
449,65.76809999999996,73.08
450,65.92219999999996,73.08
451,65.03739999999996,73.08
452,64.34529999999997,73.08
453,65.92299999999994,73.08
454,64.34589999999997,73.08
455,64.11509999999997,73.08
456,63.84579999999993,73.08
457,64.15329999999994,76.92
458,63.65289999999998,76.92
459,63.76839999999999,76.92
460,63.80689999999995,76.92
461,64.03749999999997,76.92
462,65.07619999999996,76.92
463,65.30679999999995,76.92
464,65.8072,76.92
465,66.49929999999996,76.92
466,66.03809999999994,76.92
467,66.84589999999997,76.92
468,68.03819999999995,76.92
469,67.42239999999997,76.92
470,68.15279999999998,76.92
471,67.99879999999999,76.92
472,68.57619999999997,76.92
473,68.46069999999997,76.92
474,68.42209999999999,76.92
475,67.69199999999998,76.92
476,69.46089999999995,76.92
477,70.15299999999996,76.92
478,70.03779999999998,76.92
479,70.07659999999993,76.92
480,69.42219999999993,76.92
481,69.49949999999995,76.92
482,70.07649999999995,76.92
483,70.84529999999995,76.92
484,70.42239999999994,76.92
485,71.03779999999996,76.92
486,70.23049999999994,76.92
487,70.80709999999995,76.92
488,70.65289999999995,76.92
489,70.42229999999996,76.92
490,70.07609999999994,76.92
491,69.99939999999997,76.92
492,69.92219999999996,76.92
493,69.49969999999996,76.92
494,70.07629999999996,76.92
495,70.03769999999997,76.92
496,70.46059999999996,76.92
497,70.84549999999996,76.92
498,70.42229999999996,76.92
499,70.38399999999997,76.92
500,70.34549999999999,76.92
501,70.11479999999995,76.92
502,70.30689999999997,76.92
503,68.96089999999997,76.92
504,70.46089999999995,76.92
505,71.03779999999998,76.92
506,70.99919999999996,76.92
507,69.96089999999998,76.92
508,70.61499999999998,76.92
509,70.57639999999996,76.92
510,70.46109999999997,76.92
511,70.5378,76.92
512,69.99929999999999,76.92
513,70.42209999999996,76.92
514,70.03679999999997,76.92
515,69.26799999999996,76.92
516,69.84509999999997,76.92
517,69.49869999999999,76.92
518,69.15309999999995,76.92
519,69.57689999999995,76.92
520,69.03869999999993,76.92
521,68.80729999999996,76.92
522,68.53799999999997,76.92
523,68.69149999999996,76.92
524,70.53749999999995,76.92
525,70.23009999999998,76.92
526,70.73049999999995,76.92
527,71.46149999999994,76.92
528,70.99959999999992,76.92
529,71.11429999999994,76.92
530,71.80659999999996,76.92
531,71.99889999999999,76.92
532,72.46059999999996,76.92
533,72.07599999999996,76.92
534,71.57599999999996,76.92
535,71.61399999999998,76.92
536,71.76710000000001,76.92
537,71.19050000000001,76.92
538,71.3451,76.92
539,72.42249999999996,76.92
540,71.88409999999998,76.92
541,71.73029999999999,76.92
542,72.26849999999996,76.92
543,71.4613,76.92
544,71.19149999999996,76.92
545,70.46069999999995,76.92
546,70.57579999999999,76.92
547,71.22939999999998,80.77
548,70.7296,80.77
549,70.69149999999999,80.77
550,70.76919999999994,80.77
551,70.61499999999997,80.77
552,70.42249999999997,80.77
553,70.0379,80.77
554,69.65339999999995,80.77
555,69.30719999999998,80.77
556,69.07639999999998,80.77
557,70.72980000000001,80.77
558,70.8071,80.77
559,72.38360000000003,80.77
560,73.42270000000006,80.77
561,73.84550000000002,80.77
562,73.61490000000002,80.77
563,74.19130000000007,80.77
564,74.80710000000005,80.77
565,74.69250000000005,80.77
566,74.57680000000005,80.77
567,76.23040000000006,80.77
568,75.73050000000002,80.77
569,75.46140000000005,80.77
570,76.03860000000005,80.77
571,75.84670000000003,80.77
572,75.3078,80.77
573,74.96130000000002,80.77
574,75.46160000000005,80.77
575,75.38470000000001,80.77
576,75.19260000000004,80.77
577,75.61550000000005,80.77
578,75.99980000000005,80.77
579,76.23030000000004,84.62
580,76.61490000000006,84.62
581,76.46140000000005,84.62
582,76.03850000000003,84.62
583,75.3844,84.62
584,74.61540000000002,84.62
585,74.15409999999999,84.62
586,74.0773,84.62
587,74.69279999999999,84.62
588,75.11569999999998,84.62
589,75.07749999999999,84.62
590,74.73099999999998,84.62
591,74.654,84.62
592,75.0771,84.62
593,75.42329999999997,84.62
594,74.53869999999998,84.62
595,74.1151,84.62
596,73.49969999999996,84.62
597,74.30760000000001,84.62
598,72.76889999999999,84.62
599,73.57650000000004,84.62
600,73.65339999999999,84.62
601,74.65359999999997,84.62
602,74.69200000000002,84.62
603,73.69229999999999,84.62
604,74.5,84.62
605,75.30810000000001,84.62
606,75.23149999999998,84.62
607,75.6549,84.62
608,76.15459999999999,84.62
609,75.578,84.62
610,75.92439999999999,84.62
611,76.07810000000002,84.62
612,76.00080000000001,84.62
613,76.0002,84.62
614,76.26950000000002,84.62
615,75.885,84.62
616,75.9626,84.62
617,75.9628,84.62
618,76.0779,84.62
619,76.65499999999999,84.62
620,77.07819999999998,84.62
621,77.50119999999998,84.62
622,78.50160000000004,84.62
623,77.61630000000005,84.62
624,78.38540000000008,84.62
625,78.34640000000007,84.62
626,78.19270000000006,84.62
627,77.53860000000006,84.62
628,77.23090000000003,84.62
629,76.80800000000005,84.62
630,77.03930000000004,84.62
631,76.38500000000003,84.62
632,76.42339999999999,84.62
633,77.30860000000001,84.62
634,77.00080000000001,84.62
635,77.23160000000003,84.62
636,77.57819999999998,84.62
637,77.46290000000003,84.62
638,77.15460000000003,84.62
639,77.15450000000008,84.62
640,76.73110000000004,84.62
641,76.039,84.62
642,76.4622,84.62
643,76.38520000000001,84.62
644,75.73100000000001,84.62
645,76.77019999999999,84.62
646,76.73209999999997,84.62
647,76.80840000000002,84.62
648,77.07759999999999,84.62
649,77.38579999999999,84.62
650,77.50110000000001,84.62
651,77.80890000000001,84.62
652,77.15490000000001,84.62
653,77.6547,84.62
654,77.96220000000001,84.62
655,78.96230000000006,84.62
656,78.26990000000002,84.62
657,78.65430000000003,84.62
658,78.53900000000003,84.62
659,77.46240000000002,84.62
660,77.27000000000002,84.62
661,76.7313,84.62
662,77.57750000000004,84.62
663,77.30790000000003,84.62
664,77.61580000000002,84.62
665,77.92390000000005,84.62
666,78.15460000000002,84.62
667,77.00070000000002,84.62
668,77.84710000000004,84.62
669,77.96260000000004,84.62
670,77.50050000000006,84.62
671,77.57740000000004,84.62
672,77.53910000000002,84.62
673,78.07820000000004,84.62
674,78.30909999999999,84.62
675,77.69319999999999,84.62
676,77.65509999999999,84.62
677,78.6173,84.62
678,79.15520000000001,84.62
679,78.8861,84.62
680,78.77040000000001,84.62
681,78.69340000000001,84.62
682,78.38540000000003,84.62
683,77.73160000000004,84.62
684,79.07780000000007,84.62
685,78.73140000000006,84.62
686,77.92340000000007,84.62
687,78.30790000000006,84.62
688,78.11580000000006,84.62
689,77.46190000000006,84.62
690,78.34690000000006,84.62
691,78.34660000000007,84.62
692,78.00080000000004,84.62
693,78.50070000000004,84.62
694,79.07760000000009,84.62
695,78.42390000000006,84.62
696,78.57790000000004,84.62
697,78.07760000000002,84.62
698,77.57720000000003,84.62
699,76.53850000000006,84.62
700,75.15380000000002,84.62
701,75.34620000000001,84.62
702,75.6928,84.62
703,76.50010000000005,84.62
704,77.19240000000008,84.62
705,77.07730000000004,84.62
706,78.07800000000003,84.62
707,78.0395,84.62
708,78.77050000000004,84.62
709,77.5398,84.62
710,77.9246,84.62
711,78.23200000000003,84.62
712,78.19320000000002,84.62
713,78.15460000000004,84.62
714,77.38480000000007,84.62
715,77.80820000000006,84.62
716,78.8087,84.62
717,78.61660000000005,84.62
718,78.27010000000008,84.62
719,77.92390000000005,84.62
720,77.73110000000003,84.62
721,77.38500000000005,84.62
722,78.19310000000002,84.62
723,78.46240000000003,84.62
724,77.19280000000002,84.62
725,76.96210000000002,84.62
726,76.27020000000005,84.62
727,76.65450000000004,84.62
728,76.0779,84.62
729,74.73099999999998,84.62
730,75.80789999999998,84.62
731,75.15409999999996,84.62
732,74.96189999999996,84.62
733,74.6537,84.62
734,74.84639999999999,84.62
735,74.07759999999999,84.62
736,74.03919999999998,84.62
737,74.96229999999996,84.62
738,75.46219999999998,84.62
739,74.53899999999996,84.62
740,74.07769999999996,84.62
741,74.34689999999999,84.62
742,74.57770000000001,84.62
743,74.80820000000001,84.62
744,75.61600000000001,84.62
745,74.5389,84.62
746,73.77000000000001,84.62
747,74.9237,84.62
748,76.42370000000001,84.62
749,78.61620000000002,84.62
750,79.03930000000003,84.62
751,78.34690000000002,84.62
752,78.6935,84.62
753,77.88500000000002,84.62
754,77.61570000000005,84.62
755,77.96180000000004,84.62
756,78.15450000000003,84.62
757,77.5392,84.62
758,77.61620000000003,84.62
759,77.6159,84.62
760,76.69290000000002,84.62
761,76.69319999999999,84.62
762,76.03930000000001,84.62
763,76.15440000000001,84.62
764,75.53900000000003,84.62
765,75.2697,84.62
766,75.00030000000001,84.62
767,74.42299999999999,84.62
768,73.3842,84.62
769,74.69250000000001,84.62
770,75.9621,84.62
771,77.50130000000001,84.62
772,78.46270000000003,84.62
773,79.34750000000004,84.62
774,80.80970000000002,84.62
775,80.65570000000002,84.62
776,80.23210000000003,84.62
777,79.19290000000005,84.62
778,78.61570000000005,84.62
779,79.53940000000007,84.62
780,79.34720000000007,84.62
781,78.65460000000006,84.62
782,79.07780000000004,84.62
783,78.30870000000003,84.62
784,78.4247,84.62
785,78.8092,84.62
786,79.23220000000003,84.62
787,78.03960000000001,84.62
788,78.1164,84.62
789,78.53980000000001,84.62
790,78.53950000000003,84.62
791,78.61620000000002,84.62
792,79.03910000000005,84.62
793,79.03910000000003,84.62
794,78.96210000000008,84.62
795,78.38490000000009,84.62
796,78.42330000000007,84.62
797,78.34610000000009,84.62
798,78.34670000000003,84.62
799,78.23170000000003,84.62
800,77.73150000000001,84.62
801,77.3852,84.62
802,77.88480000000003,84.62
803,78.11580000000004,84.62
804,78.76960000000004,84.62
805,78.65400000000004,84.62
806,78.11570000000005,84.62
807,77.80800000000004,84.62
808,77.42320000000004,84.62
809,76.8083,84.62
810,76.50080000000001,84.62
811,75.57769999999996,84.62
812,75.424,84.62
813,76.34759999999999,84.62
814,77.46349999999998,84.62
815,77.50160000000002,84.62
816,76.88540000000003,84.62
817,75.88520000000003,84.62
818,75.9623,84.62
819,76.0775,84.62
820,76.5777,84.62
821,77.1931,84.62
822,76.61639999999998,84.62
823,76.42409999999998,84.62
824,76.693,84.62
825,77.0006,84.62
826,76.3466,84.62
827,76.3467,84.62
828,75.84639999999999,84.62
829,75.8468,84.62
830,75.50039999999998,84.62
831,74.4228,84.62
832,73.65339999999998,84.62
833,73.23049999999995,84.62
834,74.1921,84.62
835,75.07719999999998,84.62
836,76.57809999999999,84.62
837,76.53920000000001,84.62
838,76.50050000000002,84.62
839,77.61540000000004,84.62
840,77.38480000000003,84.62
841,76.962,84.62
842,77.46210000000002,84.62
843,77.57730000000006,84.62
844,77.30800000000005,84.62
845,77.88510000000007,84.62
846,76.53870000000005,84.62
847,76.92340000000004,84.62
848,76.50060000000005,84.62
849,75.57789999999999,84.62
850,76.42360000000002,84.62
851,76.15439999999998,84.62
852,75.9619,84.62
853,75.88529999999997,84.62
854,76.38549999999998,84.62
855,76.76989999999999,84.62
856,77.6542,84.62
857,76.53840000000002,84.62
858,76.92340000000002,84.62
859,76.30790000000003,84.62
860,76.57730000000004,84.62
861,76.6928,84.62
862,77.07760000000003,84.62
863,78.42419999999998,84.62
864,78.53940000000003,84.62
865,78.42430000000004,84.62
866,78.27020000000005,84.62
867,78.15480000000007,84.62
868,77.69280000000005,84.62
869,77.73110000000008,84.62
870,77.65440000000007,84.62
871,77.38550000000005,84.62
872,77.34710000000001,84.62
873,75.92340000000004,84.62
874,76.80840000000006,84.62
875,77.23160000000003,84.62
876,76.9242,84.62
877,76.92410000000002,84.62
878,77.03910000000002,84.62
879,77.92390000000005,84.62
880,78.00110000000001,84.62
881,77.84670000000001,84.62
882,78.30860000000006,84.62
883,79.19320000000006,84.62
884,78.80879999999999,84.62
885,78.77010000000004,84.62
886,78.92420000000001,84.62
887,79.19380000000004,84.62
888,78.96240000000003,84.62
889,78.23190000000002,84.62
890,78.77030000000002,84.62
891,78.92419999999998,84.62
892,79.77030000000005,84.62
893,79.53890000000006,84.62
894,79.34650000000005,84.62
895,78.61570000000005,84.62
896,78.30860000000001,84.62
897,78.03920000000002,84.62
898,76.92330000000003,84.62
899,77.38530000000002,84.62
900,77.4624,84.62
901,77.38560000000001,84.62
902,77.42350000000005,84.62
903,76.96160000000008,84.62
904,76.50000000000001,84.62
905,77.38480000000004,84.62
906,77.77000000000007,84.62
907,77.26930000000004,84.62
908,77.61630000000002,84.62
909,77.1546,84.62
910,76.50040000000003,84.62
911,76.7697,84.62
912,75.46190000000004,84.62
913,75.8467,84.62
914,75.5006,84.62
915,75.96210000000002,84.62
916,77.4247,84.62
917,77.50119999999998,84.62
918,77.65520000000001,84.62
919,77.23189999999998,84.62
920,77.1167,84.62
921,77.23220000000002,84.62
922,76.53910000000002,84.62
923,76.1547,84.62
924,76.0396,84.62
925,76.42419999999997,84.62
926,76.38550000000001,84.62
927,76.77010000000001,84.62
928,76.46260000000001,84.62
929,76.34690000000002,84.62
930,77.23160000000004,84.62
931,76.88530000000002,84.62
932,75.50050000000002,84.62
933,76.0393,84.62
934,75.76960000000001,84.62
935,75.0384,84.62
936,74.49980000000004,84.62
937,76.11530000000003,84.62
938,75.80810000000005,84.62
939,75.88530000000004,84.62
940,76.07750000000004,84.62
941,76.65540000000001,84.62
942,76.30849999999998,84.62
943,76.15400000000001,84.62
944,76.42320000000002,84.62
945,76.0385,84.62
946,76.0768,84.62
947,74.80779999999999,84.62
948,74.73109999999998,84.62
949,74.53959999999998,84.62
950,73.77009999999997,84.62
951,74.00069999999994,84.62
952,74.11609999999993,84.62
953,75.00069999999997,84.62
954,75.27019999999996,84.62
955,75.77089999999995,84.62
956,75.38589999999998,84.62
957,75.42409999999995,84.62
958,75.69329999999998,84.62
959,75.4239,84.62
960,75.77019999999999,84.62
961,76.42439999999996,84.62
962,76.88560000000003,84.62
963,77.30890000000001,84.62
964,77.77050000000003,84.62
965,77.9628,84.62
966,78.2705,84.62
967,78.88580000000002,84.62
968,79.0397,84.62
969,77.84730000000002,84.62
970,77.8861,84.62
971,77.8088,84.62
972,77.8088,84.62
973,76.96200000000005,84.62
974,77.19270000000004,84.62
975,77.46230000000006,84.62
976,77.38540000000003,84.62
977,77.76990000000006,84.62
978,76.88490000000003,84.62
979,76.80780000000001,84.62
980,76.0387,84.62
981,77.46230000000001,84.62
982,77.46250000000005,84.62
983,77.57750000000003,84.62
984,77.23140000000001,84.62
985,76.96230000000003,84.62
986,77.00090000000004,84.62
987,77.07760000000003,84.62
988,77.61650000000003,84.62
989,76.57760000000002,84.62
990,75.92340000000006,84.62
991,75.69210000000004,84.62
992,76.15350000000004,84.62
993,76.69240000000003,84.62
994,76.07650000000002,84.62
995,76.50030000000004,84.62
996,76.347,84.62
997,76.34710000000001,84.62
998,76.46250000000003,84.62
999,76.3853,84.62
1000,76.6545,84.62
1001,76.42389999999999,84.62
1002,76.07730000000004,84.62
1003,75.76960000000004,84.62
1004,75.4619,84.62
1005,75.34679999999999,84.62
1006,75.27019999999999,84.62
1007,75.30820000000001,84.62
1008,75.80790000000003,84.62
1009,75.30800000000004,84.62
1010,75.69250000000002,84.62
1011,76.30790000000005,84.62
1012,77.23120000000003,84.62
1013,76.80820000000003,84.62
1014,76.00050000000005,84.62
1015,74.50030000000002,84.62
1016,73.4232,84.62
1017,75.03820000000003,84.62
1018,76.65420000000007,84.62
1019,76.42340000000004,84.62
1020,76.03919999999998,84.62
1021,76.61560000000004,84.62
1022,76.96190000000003,84.62
1023,77.73130000000002,84.62
1024,77.88549999999998,84.62
1025,78.5392,84.62
1026,78.61620000000002,84.62
1027,78.84690000000002,84.62
1028,78.19260000000001,84.62
1029,77.7312,84.62
1030,76.73080000000002,84.62
1031,76.2309,84.62
1032,75.88470000000001,84.62
1033,75.88520000000003,84.62
1034,76.07760000000003,84.62
1035,74.9238,84.62
1036,75.1927,84.62
1037,74.92370000000003,84.62
1038,75.03889999999998,84.62
1039,74.269,84.62
1040,74.42270000000003,84.62
1041,74.42260000000005,84.62
1042,74.19160000000004,84.62
1043,73.76860000000002,84.62
1044,74.65390000000004,84.62
1045,75.1543,84.62
1046,75.11600000000004,84.62
1047,74.8469,84.62
1048,74.76979999999999,84.62
1049,76.84690000000002,84.62
1050,76.7701,84.62
1051,78.3477,84.62
1052,78.2704,84.62
1053,77.96250000000003,84.62
1054,77.96220000000004,84.62
1055,77.73080000000003,84.62
1056,77.96200000000005,84.62
1057,77.46220000000004,84.62
1058,78.30870000000003,84.62
1059,77.8473,84.62
1060,78.26990000000005,84.62
1061,78.61610000000005,84.62
1062,78.07780000000004,84.62
1063,78.30890000000001,84.62
1064,77.11680000000001,84.62
1065,76.3854,84.62
1066,76.23179999999999,84.62
1067,75.6161,84.62
1068,74.46189999999997,84.62
1069,73.73109999999994,84.62
1070,74.1157,84.62
1071,73.65409999999996,84.62
1072,73.42269999999996,84.62
1073,73.73129999999998,84.62
1074,73.2695,84.62
1075,72.42289999999997,84.62
1076,72.99999999999997,84.62
1077,74.26959999999997,84.62
1078,75.34679999999999,84.62
1079,75.73199999999999,84.62
1080,74.61629999999998,84.62
1081,76.0399,84.62
1082,75.96249999999998,84.62
1083,75.8088,84.62
1084,76.11620000000002,84.62
1085,76.80820000000003,84.62
1086,76.46170000000002,84.62
1087,77.46200000000003,84.62
1088,77.15370000000004,84.62
1089,77.34600000000005,84.62
1090,77.19260000000001,84.62
1091,75.76950000000002,84.62
1092,76.80860000000003,84.62
1093,76.0391,84.62
1094,75.34660000000002,84.62
1095,75.3078,84.62
1096,75.6152,84.62
1097,74.769,84.62
1098,74.84620000000001,84.62
1099,74.7312,84.62
1100,75.15429999999999,84.62
1101,76.30879999999998,84.62
1102,75.53930000000001,84.62
1103,76.50099999999999,84.62
1104,76.2705,84.62
1105,76.73190000000002,84.62
1106,77.15509999999998,84.62
1107,77.80880000000002,84.62
1108,78.38610000000003,84.62
1109,77.92390000000003,84.62
1110,77.96220000000005,84.62
1111,77.38530000000004,84.62
1112,77.07760000000002,84.62
1113,77.23160000000003,84.62
1114,77.50080000000004,84.62
1115,77.77020000000005,84.62
1116,78.34740000000002,84.62
1117,78.34700000000002,84.62
1118,77.65420000000007,84.62
1119,77.26950000000004,84.62
1120,76.65420000000006,84.62
1121,77.30810000000005,84.62
1122,77.03830000000004,84.62
1123,76.57680000000003,84.62
1124,76.57710000000003,84.62
1125,76.5771,84.62
1126,76.88550000000002,84.62
1127,76.5006,84.62
1128,76.03890000000001,84.62
1129,76.15450000000003,84.62
1130,75.7696,84.62
1131,75.65390000000004,84.62
1132,76.50000000000001,84.62
1133,75.5388,84.62
1134,74.80789999999999,84.62
1135,74.80740000000003,84.62
1136,74.8071,84.62
1137,74.6923,84.62
1138,74.80779999999997,84.62
1139,73.73069999999996,84.62
1140,74.2694,84.62
1141,74.73119999999999,84.62
1142,75.07739999999998,84.62
1143,76.30809999999998,84.62
1144,75.42369999999998,84.62
1145,75.46239999999999,84.62
1146,75.76959999999998,84.62
1147,75.8848,84.62
1148,76.7315,84.62
1149,77.00099999999999,84.62
1150,77.50099999999999,84.62
1151,77.88560000000001,84.62
1152,78.38600000000001,84.62
1153,78.7319,84.62
1154,79.23180000000002,84.62
1155,78.65480000000004,84.62
1156,77.50040000000004,84.62
1157,78.34680000000004,84.62
1158,78.00050000000009,84.62
1159,77.8466000000001,84.62
1160,76.84670000000006,84.62
1161,76.9622,84.62
1162,76.38569999999999,84.62
1163,75.3857,84.62
1164,75.0397,84.62
1165,74.38510000000002,84.62
1166,75.53910000000002,84.62
1167,75.88510000000002,84.62
1168,76.61560000000003,84.62
1169,76.23130000000002,84.62
1170,75.7697,84.62
1171,75.8082,84.62
1172,75.42360000000001,84.62
1173,74.11550000000003,84.62
1174,73.57720000000003,84.62
1175,72.80760000000001,84.62
1176,73.84660000000004,84.62
1177,72.69220000000001,84.62
1178,73.15390000000002,84.62
1179,73.88489999999999,84.62
1180,76.65490000000003,84.62
1181,77.26980000000003,84.62
1182,77.23110000000001,84.62
1183,76.6543,84.62
1184,77.73120000000003,84.62
1185,77.42410000000001,84.62
1186,79.0781,84.62
1187,78.57760000000002,84.62
1188,77.8854,84.62
1189,78.11639999999998,84.62
1190,77.50110000000001,84.62
1191,77.50119999999997,84.62
1192,77.88590000000003,84.62
1193,78.61620000000002,84.62
1194,78.30850000000004,84.62
1195,77.80860000000001,84.62
1196,77.38570000000001,84.62
1197,76.03900000000002,84.62
1198,76.07750000000001,84.62
1199,76.30859999999998,84.62
1200,75.7308,84.62
1201,75.57749999999999,84.62
1202,76.26989999999998,84.62
1203,77.19349999999999,84.62
1204,77.65500000000002,84.62
1205,77.65469999999995,84.62
1206,76.80850000000001,84.62
1207,77.1549,84.62
1208,78.61670000000002,84.62
1209,79.03980000000001,84.62
1210,79.15510000000002,84.62
1211,78.92410000000004,84.62
1212,79.46320000000003,84.62
1213,79.5012,84.62
1214,78.96230000000003,84.62
1215,78.42360000000002,84.62
1216,77.11560000000003,84.62
1217,76.80810000000001,84.62
1218,76.30810000000001,84.62
1219,76.92340000000002,84.62
1220,77.57750000000001,84.62
1221,78.73150000000004,84.62
1222,77.61590000000001,84.62
1223,77.88520000000003,84.62
1224,77.80810000000002,84.62
1225,77.50010000000003,84.62
1226,77.92330000000004,84.62
1227,77.69310000000002,84.62
1228,77.26960000000003,84.62
1229,77.07720000000006,84.62
1230,76.46200000000002,84.62
1231,76.3079,84.62
1232,75.65429999999999,84.62
1233,75.84699999999998,84.62
1234,76.34670000000003,84.62
1235,75.15410000000003,84.62
1236,75.84670000000004,84.62
1237,75.92380000000006,84.62
1238,76.8087,84.62
1239,76.57740000000001,84.62
1240,77.1542,84.62
1241,76.9616,84.62
1242,76.42339999999999,84.62
1243,76.15449999999997,84.62
1244,75.96209999999998,84.62
1245,76.96190000000003,84.62
1246,76.80810000000002,84.62
1247,77.00030000000004,84.62
1248,77.03910000000002,84.62
1249,76.61570000000003,84.62
1250,75.80789999999999,84.62
1251,76.0775,84.62
1252,76.57779999999998,84.62
1253,77.3857,84.62
1254,76.57759999999999,84.62
1255,76.42399999999999,84.62
1256,76.078,84.62
1257,76.42419999999998,84.62
1258,76.809,84.62
1259,76.57740000000004,84.62
1260,76.57780000000001,84.62
1261,76.69330000000005,84.62
1262,77.1547,84.62
1263,77.1163,84.62
1264,75.30770000000001,84.62
1265,75.80780000000003,84.62
1266,76.30790000000002,84.62
1267,77.9624,84.62
1268,76.57809999999999,84.62
1269,77.11679999999997,84.62
1270,77.50149999999998,84.62
1271,76.77059999999996,84.62
1272,76.8086,84.62
1273,75.9237,84.62
1274,75.4238,84.62
1275,76.3088,84.62
1276,76.50110000000002,84.62
1277,75.9628,84.62
1278,75.77020000000002,84.62
1279,75.73150000000001,84.62
1280,76.2703,84.62
1281,75.53920000000002,84.62
1282,75.03959999999998,84.62
1283,75.26979999999999,84.62
1284,74.3849,84.62
1285,74.88510000000001,84.62
1286,75.5389,84.62
1287,75.7704,84.62
1288,77.30930000000004,84.62
1289,76.53940000000003,84.62
1290,77.34690000000003,84.62
1291,76.03930000000001,84.62
1292,77.30890000000002,84.62
1293,75.8087,84.62
1294,76.73140000000002,84.62
1295,76.6163,84.62
1296,76.4241,84.62
1297,76.30859999999998,84.62
1298,77.1933,84.62
1299,76.23179999999996,84.62
1300,77.5399,84.62
1301,77.38590000000003,84.62
1302,77.19370000000002,84.62
1303,77.15500000000002,84.62
1304,77.50080000000001,84.62
1305,77.34720000000002,84.62
1306,77.80959999999996,84.62
1307,78.69420000000002,84.62
1308,79.15560000000002,84.62
1309,78.50140000000002,84.62
1310,78.73160000000004,84.62
1311,78.73140000000002,84.62
1312,78.15430000000006,84.62
1313,78.73150000000003,84.62
1314,77.96200000000003,84.62
1315,77.26940000000005,84.62
1316,77.38530000000006,84.62
1317,77.84710000000004,84.62
1318,78.30880000000006,84.62
1319,78.9631,84.62
1320,78.30890000000002,84.62
1321,78.15490000000001,84.62
1322,78.34720000000002,84.62
1323,77.96240000000003,84.62
1324,76.61570000000002,84.62
1325,76.34640000000002,84.62
1326,76.73090000000003,84.62
1327,76.76900000000005,84.62
1328,76.30790000000003,84.62
1329,75.76920000000003,84.62
1330,75.76920000000004,84.62
1331,75.2307,84.62
1332,75.0768,84.62
1333,75.46180000000001,84.62
1334,76.3079,84.62
1335,77.34660000000002,84.62
1336,77.07730000000002,84.62
1337,76.6165,84.62
1338,76.8086,84.62
1339,77.11629999999998,84.62
1340,77.07780000000002,84.62
1341,75.9617,84.62
1342,75.76890000000002,84.62
1343,75.76870000000004,84.62
1344,74.99940000000001,84.62
1345,74.61489999999999,84.62
1346,73.73039999999997,84.62
1347,74.6922,84.62
1348,74.5001,88.46
1349,73.88449999999997,88.46
1350,74.73099999999997,88.46
1351,74.07609999999998,88.46
1352,74.96139999999997,88.46
1353,75.15379999999999,88.46
1354,74.46149999999997,88.46
1355,75.76929999999997,88.46
1356,77.19259999999997,88.46
1357,78.193,88.46
1358,78.53949999999999,88.46
1359,77.61619999999999,88.46
1360,79.80850000000001,88.46
1361,80.84670000000001,88.46
1362,80.962,88.46
1363,81.61600000000004,88.46
1364,82.38540000000005,88.46
1365,82.30880000000003,88.46
1366,81.65440000000004,88.46
1367,81.73160000000001,88.46
1368,81.57780000000001,88.46
1369,81.1931,88.46
1370,80.9622,88.46
1371,80.30810000000002,88.46
1372,79.53920000000002,88.46
1373,79.84710000000001,88.46
1374,78.92359999999998,88.46
1375,79.73139999999998,88.46
1376,79.30869999999997,88.46
1377,80.00090000000003,88.46
1378,80.19379999999998,88.46
1379,79.38589999999996,88.46
1380,79.69349999999997,88.46
1381,79.42360000000002,92.31
1382,78.80810000000001,92.31
1383,78.27010000000003,92.31
1384,76.96230000000003,92.31
1385,77.50020000000005,92.31
1386,78.65400000000004,92.31
1387,80.73140000000002,92.31
1388,79.96220000000004,92.31
1389,80.73160000000004,92.31
1390,82.5008,92.31
1391,82.46210000000002,92.31
1392,81.84660000000005,92.31
1393,80.80810000000007,92.31
1394,81.23140000000004,92.31
1395,81.26990000000005,92.31
1396,81.92380000000003,92.31
1397,83.00010000000006,92.31
1398,83.61600000000006,92.31
1399,83.46190000000006,92.31
1400,83.53900000000002,92.31
1401,83.69290000000007,92.31
1402,83.38500000000005,92.31
1403,83.80860000000004,92.31
1404,84.96230000000006,92.31
1405,84.53920000000005,92.31
1406,84.69290000000007,92.31
1407,84.65450000000004,92.31
1408,84.80870000000006,92.31
1409,82.57750000000006,92.31
1410,82.73130000000005,92.31
1411,82.57790000000003,92.31
1412,81.65520000000002,92.31
1413,82.65550000000005,92.31
1414,84.15520000000002,92.31
1415,82.80900000000007,92.31
1416,81.77010000000004,92.31
1417,83.53950000000007,92.31
1418,82.92430000000002,92.31
1419,83.50150000000006,92.31
1420,83.73240000000007,92.31
1421,82.92440000000006,92.31
1422,84.15530000000007,92.31
1423,84.30920000000006,92.31
1424,83.19390000000004,92.31
1425,83.23220000000005,92.31
1426,83.69330000000004,92.31
1427,83.19340000000004,92.31
1428,84.42400000000005,92.31
1429,84.88550000000006,92.31
1430,85.34730000000008,92.31
1431,84.92440000000006,92.31
1432,83.42430000000002,92.31
1433,84.57780000000004,92.31
1434,84.96250000000005,92.31
1435,85.03960000000008,92.31
1436,85.34720000000009,92.31
1437,85.65490000000011,92.31
1438,86.42370000000008,92.31
1439,85.65440000000004,92.31
1440,85.42390000000003,92.31
1441,85.04000000000003,92.31
1442,85.11670000000004,92.31
1443,84.65510000000002,92.31
1444,84.96260000000002,92.31
1445,85.07840000000002,92.31
1446,84.27020000000002,92.31
1447,84.42380000000004,92.31
1448,84.4628000000001,92.31
1449,83.50090000000007,92.31
1450,83.42340000000007,92.31
1451,83.57770000000004,92.31
1452,83.03910000000005,92.31
1453,84.03930000000005,92.31
1454,83.19250000000005,92.31
1455,83.73140000000004,92.31
1456,83.96240000000003,92.31
1457,84.80900000000007,92.31
1458,87.11650000000004,92.31
1459,87.23170000000007,92.31
1460,86.30870000000004,92.31
1461,86.1932000000001,92.31
1462,86.65470000000003,92.31
1463,87.38590000000005,92.31
1464,86.80880000000006,92.31
1465,86.11680000000005,92.31
1466,85.65550000000003,92.31
1467,85.23200000000006,92.31
1468,84.61670000000004,92.31
1469,84.15530000000004,92.31
1470,83.50150000000005,92.31
1471,83.50160000000004,92.31
1472,82.69410000000003,92.31
1473,83.0404,92.31
1474,83.15550000000005,92.31
1475,83.77090000000007,92.31
1476,84.27090000000005,92.31
1477,84.07840000000004,92.31
1478,84.50110000000006,92.31
1479,84.53970000000002,92.31
1480,84.65480000000007,92.31
1481,84.61650000000007,92.31
1482,84.50130000000001,92.31
1483,83.80880000000005,92.31
1484,83.57780000000004,92.31
1485,83.23200000000008,92.31
1486,83.5782000000001,92.31
1487,82.77030000000009,92.31
1488,82.50130000000004,92.31
1489,81.84700000000004,92.31
1490,83.73200000000004,92.31
1491,83.69310000000004,92.31
1492,84.23120000000009,92.31
1493,83.73160000000006,92.31
1494,83.46240000000003,92.31
1495,82.96250000000002,92.31
1496,82.84680000000004,92.31
1497,82.69250000000004,92.31
1498,82.57710000000006,92.31
1499,83.11590000000007,92.31
1500,84.1546000000001,92.31
1501,84.03970000000007,92.31
1502,83.53970000000007,92.31
1503,83.23230000000004,92.31
1504,82.96310000000005,92.31
1505,83.03950000000006,92.31
1506,82.84730000000005,92.31
1507,83.57780000000008,92.31
1508,83.07780000000007,92.31
1509,83.15500000000003,92.31
1510,82.03940000000006,92.31
1511,82.27010000000004,92.31
1512,82.57810000000005,92.31
1513,83.3087000000001,92.31
1514,83.50120000000004,92.31
1515,83.80870000000006,92.31
1516,83.38530000000003,92.31
1517,82.19300000000004,92.31
1518,83.07810000000005,92.31
1519,83.46290000000006,92.31
1520,83.03950000000006,92.31
1521,82.38540000000006,92.31
1522,83.69300000000007,92.31
1523,83.23130000000006,92.31
1524,83.19300000000004,92.31
1525,82.73120000000004,92.31
1526,83.23140000000001,92.31
1527,84.30860000000003,92.31
1528,83.84690000000002,92.31
1529,83.1157,92.31
1530,81.07680000000002,92.31
1531,80.2306,92.31
1532,81.38480000000006,92.31
1533,81.50030000000008,92.31
1534,81.73120000000004,92.31
1535,81.53890000000003,92.31
1536,82.15420000000003,92.31
1537,82.15430000000002,92.31
1538,83.61590000000004,92.31
1539,84.00060000000003,92.31
1540,84.80830000000003,92.31
1541,83.26990000000004,92.31
1542,84.00080000000005,92.31
1543,84.00070000000007,92.31
1544,83.73190000000005,92.31
1545,83.7322,92.31
1546,83.38590000000003,92.31
1547,83.54010000000005,92.31
1548,83.00150000000005,92.31
1549,82.27040000000002,92.31
1550,81.53930000000003,92.31
1551,81.69280000000008,92.31
1552,82.15480000000004,92.31
1553,82.65490000000001,92.31
1554,83.30830000000006,92.31
1555,83.15490000000001,92.31
1556,83.57840000000004,92.31
1557,84.19370000000006,92.31
1558,84.80930000000008,92.31
1559,84.34800000000007,92.31
1560,83.38600000000008,92.31
1561,83.84720000000009,92.31
1562,83.23180000000006,92.31
1563,83.50110000000008,92.31
1564,82.34700000000004,92.31
1565,82.23170000000002,92.31
1566,83.00140000000003,92.31
1567,83.50130000000001,92.31
1568,82.50080000000001,92.31
1569,84.27020000000006,92.31
1570,84.57820000000001,92.31
1571,85.03970000000005,92.31
1572,84.42460000000003,92.31
1573,84.8863,92.31
1574,84.15560000000004,92.31
1575,83.57850000000002,92.31
1576,83.07799999999999,92.31
1577,82.38530000000003,92.31
1578,83.42400000000002,92.31
1579,82.88570000000001,92.31
1580,83.88560000000003,92.31
1581,84.65500000000006,92.31
1582,84.50130000000004,92.31
1583,85.00170000000006,92.31
1584,85.30930000000002,92.31
1585,84.88590000000003,92.31
1586,84.27070000000003,92.31
1587,85.19390000000007,92.31
1588,85.84720000000003,92.31
1589,86.34740000000002,92.31
1590,86.50150000000005,92.31
1591,86.07860000000008,92.31
1592,85.38650000000005,92.31
1593,85.42480000000006,92.31
1594,84.88600000000004,92.31
1595,84.57870000000003,92.31
1596,84.04050000000007,92.31
1597,83.77120000000001,92.31
1598,82.84810000000002,92.31
1599,82.96320000000001,92.31
1600,82.77070000000005,92.31
1601,82.34730000000008,92.31
1602,82.07830000000007,92.31
1603,83.03940000000007,92.31
1604,83.53940000000007,92.31
1605,83.26990000000005,92.31
1606,83.65480000000007,92.31
1607,83.53930000000011,92.31
1608,83.46270000000003,92.31
1609,84.65520000000004,92.31
1610,83.92440000000005,92.31
1611,84.65490000000004,92.31
1612,84.77000000000004,92.31
1613,85.46230000000003,92.31
1614,85.00040000000004,92.31
1615,84.88460000000006,92.31
1616,85.61610000000005,92.31
1617,85.57770000000004,92.31
1618,85.57830000000007,92.31
1619,85.65520000000004,92.31
1620,85.73210000000006,92.31
1621,85.34730000000008,92.31
1622,84.77040000000005,92.31
1623,84.61620000000002,92.31
1624,84.38530000000004,92.31
1625,84.96260000000002,92.31
1626,85.03950000000005,92.31
1627,84.11620000000006,92.31
1628,83.88590000000002,92.31
1629,84.42450000000001,92.31
1630,84.53960000000005,92.31
1631,84.38610000000004,92.31
1632,84.11650000000004,92.31
1633,83.80880000000005,92.31
1634,84.46250000000009,92.31
1635,83.77030000000006,92.31
1636,84.07780000000002,92.31
1637,84.11590000000004,92.31
1638,84.23160000000003,92.31
1639,84.23190000000001,92.31
1640,83.80850000000005,92.31
1641,83.46230000000006,92.31
1642,82.42370000000001,92.31
1643,83.77040000000005,92.31
1644,84.65510000000006,92.31
1645,84.53970000000002,92.31
1646,84.30860000000004,92.31
1647,83.77040000000002,92.31
1648,82.92380000000007,92.31
1649,83.38550000000004,92.31
1650,82.73190000000002,92.31
1651,82.50120000000003,92.31
1652,83.11670000000004,92.31
1653,82.46300000000002,92.31
1654,82.92410000000004,92.31
1655,83.03970000000002,92.31
1656,82.34720000000004,92.31
1657,82.77000000000002,92.31
1658,81.19300000000004,92.31
1659,80.57800000000002,92.31
1660,80.15460000000003,92.31
1661,79.76960000000004,92.31
1662,80.50020000000004,92.31
1663,81.53930000000005,92.31
1664,81.38540000000006,92.31
1665,80.96260000000002,92.31
1666,82.07780000000004,92.31
1667,82.50100000000002,92.31
1668,82.46260000000005,92.31
1669,82.38560000000001,92.31
1670,82.30900000000001,92.31
1671,82.53950000000005,92.31
1672,82.69290000000005,92.31
1673,84.30860000000004,92.31
1674,84.69320000000005,92.31
1675,84.96270000000005,92.31
1676,85.50160000000007,92.31
1677,85.00120000000007,92.31
1678,84.65540000000006,92.31
1679,83.42400000000004,92.31
1680,83.61640000000006,92.31
1681,83.77040000000007,92.31
1682,83.57800000000005,92.31
1683,83.27050000000003,92.31
1684,83.46230000000007,92.31
1685,83.50080000000007,92.31
1686,83.30860000000006,92.31
1687,83.23130000000006,92.31
1688,83.30830000000006,92.31
1689,82.84680000000004,92.31
1690,82.80850000000005,92.31
1691,84.07780000000004,92.31
1692,85.23190000000005,92.31
1693,85.53970000000005,92.31
1694,86.11610000000007,92.31
1695,84.61560000000004,92.31
1696,84.61570000000005,92.31
1697,85.15450000000003,92.31
1698,86.76990000000005,92.31
1699,85.50110000000002,92.31
1700,85.34730000000005,92.31
1701,85.30840000000003,92.31
1702,86.69320000000005,92.31
1703,86.57830000000006,92.31
1704,85.92420000000004,92.31
1705,84.84720000000003,92.31
1706,84.84760000000001,92.31
1707,84.19400000000002,92.31
1708,83.88630000000003,92.31
1709,83.30940000000002,92.31
1710,83.42430000000002,92.31
1711,82.92430000000006,92.31
1712,82.5781,92.31
1713,83.4242,92.31
1714,83.15490000000004,96.15
1715,82.03890000000007,96.15
1716,83.65420000000003,96.15
1717,84.42300000000003,96.15
1718,84.76930000000004,96.15
1719,85.26979999999999,96.15
1720,85.9625,96.15
1721,86.34690000000002,96.15
1722,87.03879999999998,96.15
1723,87.88470000000002,96.15
1724,88.00010000000003,96.15
1725,88.34570000000002,96.15
1726,89.11530000000002,96.15
1727,88.76970000000003,96.15
1728,89.07730000000001,96.15
1729,88.84630000000007,96.15
1730,87.8069,96.15
1731,87.38400000000001,96.15
1732,87.03810000000001,96.15
1733,88.30749999999996,96.15
1734,87.50000000000006,96.15
1735,86.84610000000002,96.15
1736,86.57710000000003,96.15
1737,86.8846,96.15
1738,85.61579999999998,96.15
1739,85.3082,96.15
1740,84.92320000000001,96.15
1741,84.96140000000001,96.15
1742,85.84620000000004,96.15
1743,84.5,96.15
1744,85.53869999999999,96.15
1745,86.2697,96.15
1746,86.76919999999998,96.15
1747,86.9233,96.15
1748,85.5772,100.0
1749,85.11560000000007,100.0
1750,85.03890000000003,100.0
1751,86.42310000000005,100.0
1752,86.76940000000002,100.0
1753,87.03909999999998,100.0
1754,87.38520000000003,100.0
1755,88.15459999999999,100.0
1756,87.69320000000003,100.0
1757,89.50030000000007,100.0
1758,89.65440000000004,100.0
1759,89.03830000000004,100.0
1760,89.00009999999996,100.0
1761,88.3466,100.0
1762,89.19240000000003,100.0
1763,89.1926,100.0
1764,88.616,100.0
1765,87.50029999999998,100.0
1766,87.23129999999998,100.0
1767,86.30810000000001,100.0
1768,86.57740000000004,100.0
1769,86.34720000000003,100.0
1770,87.38570000000006,100.0
1771,88.53960000000006,100.0
1772,87.7312,100.0
1773,87.7312,100.0
1774,87.34630000000004,100.0
1775,88.46170000000005,100.0
1776,89.42300000000002,100.0
1777,88.92290000000004,100.0
1778,88.61540000000002,100.0
1779,89.11540000000002,100.0
1780,90.96140000000001,100.0
1781,89.99929999999996,100.0
1782,90.03799999999994,100.0
1783,90.11489999999995,100.0
1784,89.99949999999998,100.0
1785,89.26899999999996,100.0
1786,88.03930000000003,100.0
1787,87.50110000000002,100.0
1788,87.03940000000006,100.0
1789,85.88500000000003,100.0
1790,86.92310000000003,100.0
1791,87.34660000000002,100.0
1792,88.65420000000006,100.0
1793,88.92340000000004,100.0
1794,88.96190000000003,100.0
1795,89.99999999999999,100.0
1796,89.57660000000001,100.0
1797,89.19219999999996,100.0
1798,91.84549999999997,100.0
1799,92.76849999999993,100.0
1800,92.92199999999994,100.0
1801,92.30709999999998,100.0
1802,91.8453999999999,100.0
1803,91.61489999999996,100.0
1804,91.84579999999997,100.0
1805,91.46190000000003,100.0
1806,90.76949999999995,100.0
1807,90.69270000000007,100.0
1808,90.80820000000001,100.0
1809,89.3087,100.0
1810,88.84720000000002,100.0
1811,88.61650000000002,100.0
1812,90.19310000000003,100.0
1813,90.654,100.0
1814,91.34550000000002,100.0
1815,92.11520000000002,100.0
1816,91.76899999999998,100.0
1817,91.38439999999997,100.0
1818,89.11559999999997,100.0
1819,89.03859999999999,100.0
1820,90.1151,100.0
1821,89.65450000000001,100.0
1822,90.76920000000001,100.0
1823,90.46119999999998,100.0
1824,90.23040000000003,100.0
1825,90.88429999999998,100.0
1826,90.19199999999996,100.0
1827,90.80749999999998,100.0
1828,91.07619999999997,100.0
1829,92.22989999999994,100.0
1830,91.99969999999999,100.0
1831,91.84559999999996,100.0
1832,90.5385,100.0
1833,92.15349999999997,100.0
1834,92.30769999999997,100.0
1835,92.73039999999996,100.0
1836,92.6534,100.0
1837,92.99990000000001,100.0
1838,92.07639999999999,100.0
1839,91.69199999999996,100.0
1840,90.96160000000003,100.0
1841,90.6534,100.0
1842,90.42239999999998,100.0
1843,90.57609999999997,100.0
1844,90.65360000000003,100.0
1845,90.15370000000003,100.0
1846,90.1538,100.0
1847,89.92289999999998,100.0
1848,89.6925,100.0
1849,89.0774,100.0
1850,89.19280000000002,100.0
1851,89.15400000000001,100.0
1852,88.53819999999996,100.0
1853,89.65340000000006,100.0
1854,89.15400000000001,100.0
1855,89.61580000000002,100.0
1856,89.50100000000002,100.0
1857,88.73140000000004,100.0
1858,90.92340000000002,100.0
1859,88.57730000000001,100.0
1860,88.0384,100.0
1861,87.73110000000001,100.0
1862,87.88510000000002,100.0
1863,87.57680000000002,100.0
1864,87.0768,100.0
1865,87.96170000000001,100.0
1866,88.88500000000002,100.0
1867,89.11540000000002,100.0
1868,89.00000000000001,100.0
1869,89.69270000000002,100.0
1870,89.46179999999998,100.0
1871,90.9226,100.0
1872,92.69189999999999,100.0
1873,91.3073,100.0
1874,90.92250000000001,100.0
1875,91.1534,100.0
1876,90.69210000000001,100.0
1877,90.88409999999998,100.0
1878,90.42249999999996,100.0
1879,90.38409999999996,100.0
1880,91.19169999999994,100.0
1881,92.15309999999998,100.0
1882,91.6534,100.0
1883,90.23060000000005,100.0
1884,90.88419999999998,100.0
1885,89.80780000000004,100.0
1886,89.38439999999999,100.0
1887,89.84639999999997,100.0
1888,90.34630000000003,100.0
1889,90.23070000000001,100.0
1890,89.84650000000003,100.0
1891,89.92379999999996,100.0
1892,89.38520000000004,100.0
1893,90.53880000000001,100.0
1894,89.76939999999999,100.0
1895,89.9614,100.0
1896,90.5381,100.0
1897,90.76859999999999,100.0
1898,92.26869999999995,100.0
1899,91.1539,100.0
1900,90.80749999999996,100.0
1901,89.73100000000002,100.0
1902,89.42330000000004,100.0
1903,89.03860000000005,100.0
1904,89.34599999999999,100.0
1905,89.53799999999997,100.0
1906,89.42280000000002,100.0
1907,88.38470000000002,100.0
1908,88.92310000000002,100.0
1909,88.46209999999999,100.0
1910,89.26979999999999,100.0
1911,90.03920000000004,100.0
1912,90.57789999999997,100.0
1913,90.77009999999999,100.0
1914,91.19290000000001,100.0
1915,91.6926,100.0
1916,91.96150000000003,100.0
1917,92.115,100.0
1918,91.9611,100.0
1919,92.3074,100.0
1920,92.88419999999995,100.0
1921,93.38449999999997,100.0
1922,92.73089999999998,100.0
1923,91.1925,100.0
1924,89.61590000000005,100.0
1925,90.03910000000002,100.0
1926,90.34650000000003,100.0
1927,89.2694,100.0
1928,88.00030000000004,100.0
1929,87.53910000000002,100.0
1930,88.00040000000001,100.0
1931,87.69310000000002,100.0
1932,86.80840000000002,100.0
1933,87.03940000000003,100.0
1934,86.00140000000002,100.0
1935,85.73219999999999,100.0
1936,89.15460000000003,100.0
1937,89.6154,100.0
1938,88.80779999999999,100.0
1939,89.42279999999997,100.0
1940,89.42249999999996,100.0
1941,90.11550000000001,100.0
1942,90.46130000000005,100.0
1943,89.15369999999999,100.0
1944,90.38460000000003,100.0
1945,89.6157,100.0
1946,89.8466,100.0
1947,89.23110000000003,100.0
1948,89.03839999999998,100.0
1949,88.57710000000003,100.0
1950,88.26970000000004,100.0
1951,87.57740000000004,100.0
1952,88.03810000000003,100.0
1953,88.69200000000002,100.0
1954,89.96110000000003,100.0
1955,90.1919,100.0
1956,89.46130000000001,100.0
1957,90.46130000000002,100.0
1958,91.38419999999998,100.0
1959,91.80719999999995,100.0
1960,91.96079999999995,100.0
1961,91.84539999999996,100.0
1962,93.34579999999997,100.0
1963,93.03799999999997,100.0
1964,92.15389999999996,100.0
1965,91.96129999999998,100.0
1966,93.46089999999998,100.0
1967,93.26839999999994,100.0
1968,93.53769999999993,100.0
1969,92.57619999999993,100.0
1970,91.84579999999998,100.0
1971,92.42249999999993,100.0
1972,91.61499999999997,100.0
1973,91.11549999999997,100.0
1974,91.38500000000002,100.0
1975,91.38490000000003,100.0
1976,91.00030000000007,100.0
1977,90.42289999999996,100.0
1978,89.84649999999999,100.0
1979,90.96180000000003,100.0
1980,90.30809999999998,100.0
1981,90.19280000000005,100.0
1982,90.65380000000005,100.0
1983,90.57709999999999,100.0
1984,90.19239999999999,100.0
1985,90.07689999999998,100.0
1986,89.30789999999998,100.0
1987,89.50029999999995,100.0
1988,88.4234,100.0
1989,88.57789999999999,100.0
1990,88.11610000000005,100.0
1991,86.88560000000003,100.0
1992,88.00030000000002,100.0
1993,89.07729999999998,100.0
1994,90.61579999999998,100.0
1995,91.30770000000003,100.0
1996,92.57639999999999,100.0
1997,91.61499999999998,100.0
1998,90.4621,100.0
1999,90.5002,100.0
