x,f_x
0.47779312581538,-0.18856991567421563
8.512268533040839,2.3776747446420283
7.990292344194558,2.3805842695057535
10.122458113524628,-2.227085851908237
17.73973827005279,-13.325082845029328
12.835448874555093,1.8061153447908627
3.826938473857413,-0.26345482926328295
4.126013590223742,-0.8099084404411849
5.978466274904111,-0.38807218980967756
3.0793369779986257,-0.09026344797210437
14.98883492779456,6.462416036831709
1.1335281880923143,0.2178527204374276
4.833862866070344,-0.8254097866848865
14.197340953453114,8.354122517353847
7.990291160441254,2.122426256616729
17.541885215093465,-11.472937769194308
11.096879724862994,-4.664710948947458
4.706203444708819,-1.060517151672928
3.1083591635571173,-0.0028286335261078384
11.832448144401209,-3.3321631776704503
17.772800357276854,-11.035875742030393
6.633717219241317,0.5065931369465945
7.994834218112883,2.636856689775466
17.60507159119506,-12.157518484014322
2.9609597348711802,0.07482059178997033
5.619739253600997,-0.825558245305176
12.081064416978018,-2.994776832601223
2.4872620034066673,0.21648572050258338
0.12878605898457351,-0.1990463740067788
18.253368841270277,-8.597594418091001
2.54191791730656,0.27699315535653557
14.189589955020182,7.3965445075979455
11.763299610588254,-4.080346362004982
3.0687467493043386,0.19617628843210547
12.51046647665724,-0.2854490017952464
2.1609972232341956,0.3392952115383486
1.325187545101727,0.12977724351266842
10.089926879159547,-1.9859013283625715
4.670159436225891,-0.8958687542385144
15.306056019273642,3.1527503806122508
5.708672654092455,-0.7590548423428807
19.9847382545251,14.95832015490166
15.386366460077813,3.651441639313994
13.213077500629835,3.5464006545046067
8.230889011774071,3.0243737535712545
4.802501562192225,-0.9863745623613805
2.1692719650085635,0.2611516122504062
1.6665726238083822,0.012952373658334529
16.953091288184766,-10.805531393942152
11.347221788612693,-4.149367951130687
5.757677193793662,-0.6328105433264408
1.8992410189335707,-0.03910586928347688
3.597063755728107,-0.13103093489340292
17.842717152814163,-12.426037984498771
15.57636070099359,1.2556677395677256
7.5066340083873095,2.44098248407756
8.918268727786254,1.195457147058058
13.666456911916669,6.93868058320672
17.752604626884768,-11.82832254459
13.012631220915507,3.1859264686446767
17.74624790314121,-12.377099680579086
19.84414291734281,12.047577173996766
4.3820521758980435,-0.7687992388560547
10.850912554906598,-4.698754414459759
14.403581652546256,9.361940151836231
2.340057383991143,0.14158531272901395
2.978606760713909,0.21761234892470813
6.736685556637905,0.7503763010356614
17.347908622508164,-12.604278579771542
5.605333444853042,-0.8269125900089196
19.90451593352998,11.90079513083766
14.423514838982786,7.7828409905625495
14.701488253571322,8.124223869915308
14.258975927403299,9.407802517121779
18.43802271336529,-5.007985418593629
13.415577666145415,5.50848768785524
2.5976936240382575,0.027054261022255194
9.278393614979132,0.4758153287397468
14.903124233617957,7.474799948196284
5.532356229894527,-0.8804386047405339
15.588319493363041,1.5131631909509329
14.143511510346666,7.6884763960717635
6.673209649601441,0.7005505220615863
12.201458222935903,-1.9667676872028148
12.955169900468084,2.7295965212074966
8.532517702561114,2.5517187518753133
16.439821732533872,-7.738787070325164
0.6022694334655943,0.16985045658215986
0.4594644260823677,-0.0027657543580654415
19.040109934069626,3.201113260972591
18.524909108402987,-5.256613154662302
15.72353492281733,-0.13248023611032989
11.198565862986563,-5.886523750439177
3.4700091568513147,-0.36245984169551926
18.487437881460224,-4.901213485971387
7.945060764753247,2.299937076398106
18.94032464067091,1.5045187192839036
14.809039338757863,6.012780145583338
8.61346764964847,2.2803753072864903
8.889179550592036,2.0224360506646
8.728217543354166,2.0446641238651404
9.053970493150453,1.0076547187710119
13.388250459532081,4.722195415916731
0.6212035197083843,-0.1663714016947799
17.70841674268179,-13.74127714041366
13.05681240740718,3.6577402307709055
4.007501175325546,-0.2917873288926103
4.357437850811361,-0.6618845001694211
6.455931857449495,0.15041064498898363
9.795838085751365,-1.4154941393108456
9.537026629284613,-0.6317692475048047
2.586181501698266,0.27972985974732
6.444530796234438,0.20475536880168904
15.526684403496745,1.3522172867484217
0.19019724016713146,-0.18544538859321594
14.792648553259095,6.501170972829288
19.362665789067755,7.052287371050349
1.4236435539542769,0.08335178687213077
5.169693530888253,-0.9815213487903175
19.217564166143106,4.835584566921432
15.076863865942066,4.83634114245155
0.2239122538892624,-0.07871218876180648
14.012580179436473,8.706596185768237
7.482991285764628,2.480605383960162
10.675963213750585,-5.119938826562199
10.193732807169617,-3.3144413769908456
16.84266470172011,-9.245106701082408
0.38442184142688074,-0.02647817808986409
5.2846294410707895,-0.9983592009177624
4.013157829624419,-0.2424088246509814
9.374105944422354,0.08018661510300065
18.921791236405472,1.0847868985955338
6.38045494696474,0.26347303530161487
5.828687531615124,-0.6707207946183487
4.04278968267872,-0.6476159758796881
6.034412947481047,-0.11679232341930651
6.857958030818949,1.06210514884009
5.244482965224327,-0.9951833676136046
15.39421970878613,3.183919588238782
1.552390555124905,0.055280479057467094
14.191198456709344,10.181087398527552
2.882707911288309,-0.023661667586718088
8.718153748539532,2.396086423907825
5.569761294588131,-0.8870347610489733
6.161256173218456,-0.23296304474951843
12.362713636434414,-1.2529417419340063
7.0193321485202365,1.1707102987627227
19.73926796875103,11.808503810129928
11.156284160797759,-4.604094532870103
18.927639499633656,0.9969510973935382
6.043868407783981,-0.39540952600512336
14.659909896934781,7.588511377220065
18.723979416310208,-1.9956449182871934
7.562130334582,1.8197971538575848
6.460379834829332,0.5025811209652683
6.435392358517018,0.1859107512414015
0.7039775035744378,-0.05165097416199438
3.1599684913906945,0.01922661442676006
11.555459323527648,-5.621722202239607
9.905708370012551,-2.086564238144348
8.140089407047206,2.7401827575460285
4.370053390848739,-0.9523281442589788
7.2329778060451595,1.8584095309094761
4.269396678373214,-0.5650620341685071
18.731434028978086,-1.5405681721203366
11.948044391004915,-4.2165329029003775
1.880192850888729,0.1279203609754414
14.030436368376161,9.015755510224594
7.894220615698022,2.767321045363623
12.773797125856362,1.5861812729422795
12.6259808478736,0.36208436171040703
12.886247940239823,2.2495630286507806
0.2084697548297476,-0.11135884443084505
0.03501749914560648,0.15974073091828703
17.362571773453684,-13.959058941860357
8.398042932399445,2.2955343088380924
5.535956075021266,-0.6416981897804405
2.1588325247529205,0.16564251190976437
4.307333936967151,-0.540611700290949
10.708817835065707,-5.2449532579124165
0.8551593262296975,-0.004193738899916862
2.9341750427432878,9.443972048840676e-05
0.1182640325671569,-0.1820615064517447
8.840496773744908,2.0155236380678425
6.889098781830834,1.032058489035406
8.105870742800514,2.5504990630424738
10.93382299375519,-5.1423512160147835
12.652443267655284,0.7437927506333759
12.494950359818205,-0.6778201924403149
3.1517959893137815,0.18828876302703884
14.003125201917666,8.476719288773545
14.170011337258423,9.146185892498156
12.055622085875804,-3.5516400583887546
4.7865513398589465,-1.1015076321614532
13.055537888163446,3.571440603358767
12.946418707804192,2.4437154913439305
18.255789229311624,-7.921286492865072
12.542668841666021,-0.018826994519361512
11.014853510841846,-5.285850599522629
16.147025164325175,-4.071066441370207
17.88591565613347,-12.73395637407012
4.001157290063664,-0.6786211514619069
11.621424166449309,-3.9875858651331724
5.928505710338479,-0.4638970979034521
16.535870016977967,-8.407160239515544
14.11184615473487,7.925957220186067
4.809139732448755,-1.1298726015378158
18.628062234895417,-3.4154313727271877
1.790825841438115,0.22928842152975784
9.11381170802159,0.7113319732019759
6.4487026580269,0.10484541079878959
19.724941115331255,14.664470950586601
10.893222729622048,-4.3049422224631995
7.695356845610584,1.8929149746528466
14.5030922561346,7.764386151386162
12.016021455588426,-2.9896653758948357
12.940165928652036,2.0207582355795948
9.88935809590199,-1.3618286687399141
2.0676129102876106,0.05888579913790004
4.5398329876928685,-0.8093180290224775
17.12244793325659,-10.886327582553523
5.242428952975191,-0.8688695279789038
5.0546981568693266,-0.9722350233222372
7.030092436833417,1.5836195066760195
0.5330585838971769,0.08700842778674067
0.8423530483531216,-0.004763143064957422
8.6930988216256,1.7596325273410738
4.039474128223473,-0.7042892057647296
9.317106404363354,0.3518591294073186
10.643456693164257,-4.971400406437837
9.803247855765742,-1.4554519043310892
9.337871486197324,0.4796759030301762
17.933275489091617,-10.09089103819576
19.15217961438812,5.322643461007683
3.1263963457990362,0.08731464244846304
17.20085056321988,-12.089492071039945
11.88084918223505,-3.4676735731292627
15.020892465473983,5.473062472076788
0.26198110843210776,-0.07986121335597336
16.9546321330393,-13.662820868752176
11.539197822940476,-4.294870373581568
8.993452269621837,1.7703965041072516
14.613106559614232,6.866951295510504
12.097703314736425,-3.19709394575045
14.22854067641081,8.832645031342635
0.2858512283768899,0.1617944966370469
18.06448334476592,-10.086101776848425
11.71183205574721,-4.802338108452517
5.312826138243745,-0.6048337101645869
13.310289926872962,5.229661473429316
